index,age,sex,bmi,children,smoker,region,charges
634,51,male,39.7,1,no,southwest,9391.346
398,64,male,25.6,2,no,southwest,14988.432
964,52,male,36.765,2,no,northwest,26467.09737
585,33,female,28.27,1,no,southeast,4779.6023
874,44,male,21.85,3,no,northeast,8891.1395
650,49,female,42.68,2,no,southeast,9800.8882
333,56,female,28.785,0,no,northeast,11658.37915
14,27,male,42.13,0,yes,southeast,39611.7577
885,32,male,28.93,1,yes,southeast,19719.6947
660,37,male,46.53,3,no,southeast,6435.6237
901,60,male,40.92,0,yes,southeast,48673.5588
1146,60,male,32.8,0,yes,southwest,52590.82939
466,60,female,28.7,1,no,southwest,13224.693
447,56,female,25.65,0,no,northwest,11454.0215
203,27,female,36.08,0,yes,southeast,37133.8982
979,36,female,29.92,0,no,southeast,4889.0368
947,37,male,34.2,1,yes,northeast,39047.285
259,19,male,31.92,0,yes,northwest,33750.2918
195,19,male,30.59,0,no,northwest,1639.5631
135,22,female,28.05,0,no,southeast,2155.6815
1160,43,female,34.58,1,no,northwest,7727.2532
457,57,female,30.495,0,no,northwest,11840.77505
518,35,female,31.0,1,no,southwest,5240.765
318,44,female,27.645,0,no,northwest,7421.19455
761,23,male,35.2,1,no,southwest,2416.955
353,33,male,35.245,0,no,northeast,12404.8791
348,36,female,29.92,1,no,southeast,5478.0368
1129,19,female,18.6,0,no,southwest,1728.897
929,41,male,34.21,1,no,southeast,6289.7549
438,52,female,46.75,5,no,southeast,12592.5345
1282,18,female,21.66,0,yes,northeast,14283.4594
1304,42,male,24.605,2,yes,northeast,21259.37795
753,58,female,22.77,0,no,southeast,11833.7823
569,48,male,40.565,2,yes,northwest,45702.02235
369,18,male,30.4,3,no,northeast,3481.868
666,49,male,28.7,1,no,southwest,8703.456
1172,56,female,41.91,0,no,southeast,11093.6229
1003,48,male,29.6,0,no,southwest,21232.18226
6,46,female,33.44,1,no,southeast,8240.5896
470,27,male,32.67,0,no,southeast,2497.0383
43,37,female,30.8,2,no,southeast,6313.759
343,63,male,36.765,0,no,northeast,13981.85035
644,43,male,35.31,2,no,southeast,18806.14547
1257,54,female,27.645,1,no,northwest,11305.93455
763,27,male,26.03,0,no,northeast,3070.8087
689,27,male,31.13,1,yes,southeast,34806.4677
289,52,male,26.4,3,no,southeast,25992.82104
368,44,male,32.015,2,no,northwest,8116.26885
701,50,female,44.745,0,no,northeast,9541.69555
1272,43,male,25.52,5,no,southeast,14478.33015
1094,50,female,33.7,4,no,southwest,11299.343
739,29,male,35.5,2,yes,southwest,44585.45587
980,54,male,25.46,1,no,northeast,25517.11363
988,34,male,34.675,0,no,northeast,4518.82625
185,36,male,41.895,3,yes,northeast,43753.33705
244,63,female,27.74,0,yes,northeast,29523.1656
229,47,male,25.46,2,no,northeast,9225.2564
1041,18,male,23.085,0,no,northeast,1704.70015
79,41,female,32.965,0,no,northwest,6571.02435
63,28,female,25.935,1,no,northwest,4133.64165
724,50,female,27.075,1,no,northeast,10106.13425
138,54,female,31.9,3,no,southeast,27322.73386
578,52,male,30.2,1,no,southwest,9724.53
487,19,male,28.7,0,no,southwest,1253.936
1194,31,female,21.755,0,no,northwest,4134.08245
893,47,male,38.94,2,yes,southeast,44202.6536
879,37,female,29.5,2,no,southwest,6311.952
279,51,female,21.56,1,no,southeast,9855.1314
460,49,female,36.63,3,no,southeast,10381.4787
1297,28,female,26.51,2,no,southeast,4340.4409
1296,18,male,26.125,0,no,northeast,1708.92575
764,45,female,25.175,2,no,northeast,9095.06825
252,54,male,34.21,2,yes,southeast,44260.7499
796,30,male,44.22,2,no,southeast,4266.1658
829,39,male,21.85,1,no,northwest,6117.4945
1067,39,male,42.655,0,no,northeast,5757.41345
663,18,male,33.66,0,no,southeast,1136.3994
194,18,male,34.43,0,no,southeast,1137.4697
1117,25,male,33.33,2,yes,southeast,36124.5737
187,30,female,30.9,3,no,southwest,5325.651
226,28,male,38.06,0,no,southeast,2689.4954
869,25,female,24.3,3,no,southwest,4391.652
535,38,male,28.025,1,no,northeast,6067.12675
39,60,male,39.9,0,yes,southwest,48173.361
275,47,female,26.6,2,no,northeast,9715.841
890,64,female,26.885,0,yes,northwest,29330.98315
575,58,female,27.17,0,no,northwest,12222.8983
436,22,male,31.73,0,no,northeast,2254.7967
563,50,male,44.77,1,no,southeast,9058.7303
317,54,male,32.775,0,no,northeast,10435.06525
1033,18,male,21.565,0,yes,northeast,13747.87235
760,22,female,34.58,2,no,northeast,3925.7582
833,58,male,34.39,0,no,northwest,11743.9341
347,46,male,33.345,1,no,northeast,8334.45755
603,64,female,39.05,3,no,southeast,16085.1275
489,53,male,31.16,1,no,northwest,10461.9794
792,22,female,23.18,0,no,northeast,2731.9122
463,56,male,25.935,0,no,northeast,11165.41765
1065,42,female,25.3,1,no,southwest,7045.499
595,46,female,33.725,1,no,northeast,8823.98575
321,26,female,29.64,4,no,northeast,24671.66334
450,39,male,29.6,4,no,southwest,7512.267
963,46,male,24.795,3,no,northeast,9500.57305
181,18,female,38.28,0,no,southeast,1631.8212
1026,19,male,26.03,1,yes,northwest,16450.8947
9,60,female,25.84,0,no,northwest,28923.13692
855,20,female,29.6,0,no,southwest,1875.344
957,24,male,26.79,1,no,northwest,12609.88702
417,36,female,22.6,2,yes,southwest,18608.262
924,43,male,23.2,0,no,southwest,6250.435
601,51,male,31.635,0,no,northwest,9174.13565
300,36,male,27.55,3,no,northeast,6746.7425
1310,42,male,26.315,1,no,northwest,6940.90985
1071,63,male,31.445,0,no,northeast,13974.45555
930,26,male,46.53,1,no,southeast,2927.0647
1216,40,male,25.08,0,no,southeast,5415.6612
526,19,female,30.59,2,no,northwest,24059.68019
1192,58,female,32.395,1,no,northeast,13019.16105
478,21,male,36.85,0,no,southeast,1534.3045
1042,20,male,30.685,0,yes,northeast,33475.81715
1086,55,male,28.975,0,no,northeast,10796.35025
345,34,female,29.26,3,no,southeast,6184.2994
1108,26,male,30.0,1,no,southwest,2904.088
802,21,male,22.3,1,no,southwest,2103.08
280,40,female,28.12,1,yes,northeast,22331.5668
813,28,male,22.515,2,no,northeast,4428.88785
1118,33,male,35.75,1,yes,southeast,38282.7495
725,30,female,39.05,3,yes,southeast,40932.4295
1017,26,female,34.2,2,no,southwest,3987.926
547,54,female,46.7,2,no,southwest,11538.421
928,62,female,39.16,0,no,southeast,13470.8044
831,36,female,25.84,0,no,northwest,5266.3656
751,21,male,28.975,0,no,northwest,1906.35825
820,45,male,33.7,1,no,southwest,7445.918
320,34,male,25.27,1,no,northwest,4894.7533
1130,39,female,23.87,5,no,southeast,8582.3023
1196,19,female,30.02,0,yes,northwest,33307.5508
469,18,female,24.09,1,no,southeast,2201.0971
854,49,female,23.845,3,yes,northeast,24106.91255
35,19,male,20.425,0,no,northwest,1625.43375
645,48,male,30.78,3,no,northeast,10141.1362
1318,35,male,39.71,4,no,northeast,19496.71917
394,46,female,32.3,2,no,northeast,9411.005
482,18,female,31.35,0,no,southeast,1622.1885
99,38,male,19.3,0,yes,southwest,15820.699
981,34,male,21.375,0,no,northeast,4500.33925
144,30,male,28.69,3,yes,northwest,20745.9891
82,22,male,37.62,1,yes,southeast,37165.1638
726,41,male,28.405,1,no,northwest,6664.68595
154,40,female,25.46,1,no,northeast,7077.1894
970,50,female,28.16,3,no,southeast,10702.6424
607,59,female,23.655,0,yes,northwest,25678.77845
490,19,female,32.9,0,no,southwest,1748.774
1077,21,male,26.03,0,no,northeast,2102.2647
149,19,male,28.4,1,no,southwest,1842.519
419,63,female,26.98,0,yes,northwest,28950.4692
638,39,male,26.41,0,yes,northeast,20149.3229
105,20,male,28.025,1,yes,northwest,17560.37975
973,19,female,40.5,0,no,southwest,1759.338
1269,45,male,27.5,3,no,southwest,8615.3
443,59,female,36.52,1,no,southeast,28287.89766
62,64,male,24.7,1,no,northwest,30166.61817
580,59,male,25.46,1,no,northeast,12913.9924
982,31,male,25.9,3,yes,southwest,19199.944
1150,18,female,30.305,0,no,northeast,2203.73595
556,46,male,33.44,1,no,northeast,8334.5896
823,44,female,29.81,2,no,southeast,8219.2039
570,31,female,29.1,0,no,southwest,3761.292
511,27,male,33.66,0,no,southeast,2498.4144
888,22,male,39.5,0,no,southwest,1682.597
1174,29,male,32.11,2,no,northwest,4433.9159
657,27,male,33.155,2,no,northwest,4058.71245
166,20,female,37.0,5,no,southwest,4830.63
674,44,female,43.89,2,yes,southeast,46200.9851
1191,41,female,21.755,1,no,northeast,13725.47184
530,57,male,42.13,1,yes,southeast,48675.5177
709,36,female,27.74,0,no,northeast,5469.0066
770,61,male,36.1,3,no,southwest,27941.28758
574,57,female,34.295,2,no,northeast,13224.05705
142,34,male,25.3,2,yes,southeast,18972.495
69,28,male,23.98,3,yes,southeast,17663.1442
1200,37,male,24.32,2,no,northwest,6198.7518
922,38,male,31.0,1,no,southwest,5488.262
934,32,male,37.18,2,no,southeast,4673.3922
910,22,male,28.31,1,no,northwest,2639.0429
472,19,female,29.8,0,no,southwest,1744.465
217,27,male,23.1,0,no,southeast,2483.736
536,33,female,38.9,3,no,southwest,5972.378
651,53,female,39.6,1,no,southeast,10579.711
1284,61,male,36.3,1,yes,southwest,47403.88
454,32,male,46.53,2,no,southeast,4686.3887
847,23,male,50.38,1,no,southeast,2438.0552
1181,24,female,29.925,0,no,northwest,2850.68375
745,50,female,30.115,1,no,northwest,9910.35985
168,19,female,31.825,1,no,northwest,2719.27975
483,51,female,39.5,1,no,southwest,9880.068
694,27,female,34.8,1,no,southwest,3577.999
552,62,male,21.4,0,no,southwest,12957.118
399,18,female,38.17,0,no,southeast,1631.6683
1036,22,male,37.07,2,yes,southeast,37484.4493
687,40,male,41.69,0,no,southeast,5438.7491
678,56,male,36.1,3,no,southwest,12363.547
254,50,male,31.825,0,yes,northeast,41097.16175
24,37,male,28.025,2,no,northwest,6203.90175
670,30,male,31.57,3,no,southeast,4837.5823
388,26,female,22.61,0,no,northwest,3176.8159
571,18,female,37.29,1,no,southeast,2219.4451
978,45,female,39.995,3,no,northeast,9704.66805
616,56,female,28.595,0,no,northeast,11658.11505
285,46,male,26.62,1,no,southeast,7742.1098
23,34,female,31.92,1,yes,northeast,37701.8768
637,35,female,38.095,2,no,northeast,24915.04626
1183,48,female,27.36,1,no,northeast,9447.3824
496,31,female,23.6,2,no,southwest,4931.647
830,63,male,33.1,0,no,southwest,13393.756
851,61,male,32.3,2,no,northwest,14119.62
939,53,male,29.48,0,no,southeast,9487.6442
1271,25,female,34.485,0,no,northwest,3021.80915
1211,39,male,34.1,2,no,southeast,23563.01618
785,35,female,27.7,3,no,southwest,6414.178
1258,55,male,37.715,3,no,northwest,30063.58055
868,61,male,23.655,0,no,northeast,13129.60345
539,53,male,31.35,0,no,southeast,27346.04207
1,18,male,33.77,1,no,southeast,1725.5523
377,24,male,40.15,0,yes,southeast,38126.2465
1145,52,male,32.775,3,no,northwest,11289.10925
835,42,male,35.97,2,no,southeast,7160.3303
793,53,male,20.9,0,yes,southeast,21195.818
656,26,female,42.4,1,no,southwest,3410.324
843,57,female,29.81,0,yes,southeast,27533.9129
301,53,female,22.61,3,yes,northeast,24873.3849
613,34,female,19.0,3,no,northeast,6753.038
308,58,male,34.865,0,no,northeast,11944.59435
319,32,male,37.335,1,no,northeast,4667.60765
769,38,female,19.475,2,no,northwest,6933.24225
561,54,female,32.68,0,no,northeast,10923.9332
612,18,female,33.155,0,no,northeast,2207.69745
1212,18,male,21.47,0,no,northeast,1702.4553
232,19,female,17.8,0,no,southwest,1727.785
306,28,female,27.5,2,no,southwest,20177.67113
685,53,male,26.41,2,no,northeast,11244.3769
403,49,male,32.3,3,no,northwest,10269.46
904,60,female,35.1,0,no,southwest,12644.589
1201,46,male,40.375,2,no,northwest,8733.22925
126,19,female,28.3,0,yes,southwest,17081.08
312,43,male,35.97,3,yes,southeast,42124.5153
946,42,male,35.8,2,no,southwest,7160.094
965,35,male,27.1,1,no,southwest,4746.344
337,62,male,27.55,1,no,northwest,13937.6665
1127,35,female,35.86,2,no,southeast,5836.5204
475,61,male,28.31,1,yes,northwest,28868.6639
1161,34,male,42.13,2,no,southeast,5124.1887
101,30,male,25.46,0,no,northeast,3645.0894
423,25,male,30.59,0,no,northeast,2727.3951
364,21,female,21.89,2,no,southeast,3180.5101
606,27,female,25.175,0,no,northeast,3558.62025
987,45,female,27.645,1,no,northwest,28340.18885
908,63,male,39.8,3,no,southwest,15170.069
907,44,female,32.34,1,no,southeast,7633.7206
396,43,female,34.4,3,no,southwest,8522.003
290,28,female,33.4,0,no,southwest,3172.018
434,31,male,28.595,1,no,northwest,4243.59005
406,33,female,24.31,0,no,southeast,4185.0979
630,53,male,36.1,1,no,southwest,10085.846
248,19,male,20.9,1,no,southwest,1832.094
967,44,male,25.365,1,no,northwest,7518.02535
1334,18,female,31.92,0,no,northeast,2205.9808
1101,53,male,28.6,3,no,southwest,11253.421
557,34,male,34.21,0,no,southeast,3935.1799
491,61,female,25.08,0,no,southeast,24513.09126
541,20,female,31.79,2,no,southeast,3056.3881
441,33,female,33.5,0,yes,southwest,37079.372
422,40,male,32.775,1,yes,northeast,39125.33225
522,51,female,33.915,0,no,northeast,9866.30485
34,28,male,36.4,1,yes,southwest,51194.55914
891,36,female,29.04,4,no,southeast,7243.8136
1091,55,female,29.83,0,no,northeast,11286.5387
1316,19,female,20.6,0,no,southwest,1731.677
1267,24,male,31.065,0,yes,northeast,34254.05335
1140,50,male,37.07,1,no,southeast,9048.0273
775,51,male,33.33,3,no,southeast,10560.4917
664,64,female,22.99,0,yes,southeast,27037.9141
681,19,male,20.3,0,no,southwest,1242.26
119,37,female,23.37,2,no,northwest,6686.4313
627,33,male,42.46,1,no,southeast,11326.71487
519,31,male,30.875,0,no,northeast,3857.75925
810,46,female,30.8,3,no,southwest,9414.92
729,41,female,36.08,1,no,southeast,6781.3542
245,54,male,30.02,0,no,northwest,24476.47851
201,48,female,32.23,1,no,southeast,8871.1517
102,18,female,30.115,0,no,northeast,21344.8467
743,31,female,26.62,0,no,southeast,3757.8448
1079,63,male,33.66,3,no,southeast,15161.5344
1238,37,male,22.705,3,no,northeast,6985.50695
1214,27,female,31.255,1,no,northwest,3956.07145
642,61,male,33.915,0,no,northeast,13143.86485
1156,19,male,44.88,0,yes,southeast,39722.7462
1228,56,male,34.43,0,no,southeast,10594.2257
722,62,male,37.4,0,no,southwest,12979.358
1072,21,male,31.255,0,no,northwest,1909.52745
38,35,male,36.67,1,yes,northeast,39774.2763
504,38,female,28.93,1,no,southeast,5974.3847
567,41,male,30.59,2,no,northwest,7256.7231
156,48,male,24.42,0,yes,southeast,21223.6758
479,23,male,32.56,0,no,southeast,1824.2854
433,60,female,30.5,0,no,southwest,12638.195
148,53,female,37.43,1,no,northwest,10959.6947
157,18,male,25.175,0,yes,northeast,15518.18025
42,41,male,21.78,1,no,southeast,6272.4772
485,31,female,31.065,0,no,northeast,4347.02335
1321,62,male,26.695,0,yes,northeast,28101.33305
1302,25,female,20.8,1,no,southwest,3208.787
719,58,female,33.44,0,no,northwest,12231.6136
985,44,female,25.8,1,no,southwest,7624.63
824,60,male,24.32,0,no,northwest,12523.6048
1254,34,female,27.72,0,no,southeast,4415.1588
991,38,female,27.835,2,no,northeast,7144.86265
465,30,female,28.38,1,yes,southeast,19521.9682
1141,41,female,32.6,3,no,southwest,7954.517
107,26,male,30.875,2,no,northwest,3877.30425
629,44,female,38.95,0,yes,northwest,42983.4585
1290,38,female,19.95,2,no,northeast,7133.9025
287,63,female,26.22,0,no,northwest,14256.1928
1123,27,female,32.395,1,no,northeast,18903.49141
1143,39,male,32.34,2,no,southeast,6338.0756
383,35,female,43.34,2,no,southeast,5846.9176
118,49,female,27.17,0,no,southeast,8601.3293
673,41,female,31.02,0,no,southeast,6185.3208
246,60,female,38.06,0,no,southeast,12648.7034
618,19,female,33.11,0,yes,southeast,34439.8559
736,37,female,38.39,0,yes,southeast,40419.0191
1159,32,female,41.1,0,no,southwest,3989.841
1182,25,female,30.3,0,no,southwest,2632.992
1132,57,male,40.28,0,no,northeast,20709.02034
733,48,female,27.265,1,no,northeast,9447.25035
1165,35,female,26.125,0,no,northeast,5227.98875
1059,32,male,33.82,1,no,northwest,4462.7218
1100,33,female,19.095,2,yes,northeast,16776.30405
303,28,female,33.0,2,no,southeast,4349.462
887,36,female,30.02,0,no,northwest,5272.1758
412,26,female,17.195,2,yes,northeast,14455.64405
313,49,male,35.86,0,no,southeast,8124.4084
905,26,female,29.355,2,no,northeast,4564.19145
395,46,male,19.855,0,no,northwest,7526.70645
1219,38,female,30.21,3,no,northwest,7537.1639
1335,18,female,36.85,0,no,southeast,1629.8335
832,28,female,23.845,2,no,northwest,4719.73655
239,44,male,38.06,1,no,southeast,7152.6714
614,20,female,33.0,0,no,southeast,1880.07
1332,52,female,44.7,3,no,southwest,11411.685
977,26,male,29.15,1,no,southeast,2902.9065
993,38,male,28.27,1,no,southeast,5484.4673
708,31,female,30.495,3,no,northeast,6113.23105
968,21,male,25.745,2,no,northeast,3279.86855
158,30,male,35.53,0,yes,southeast,36950.2567
667,40,female,32.775,2,yes,northwest,40003.33225
334,43,female,35.72,2,no,northeast,19144.57652
269,49,male,25.84,1,no,northeast,9282.4806
1121,46,male,38.17,2,no,southeast,8347.1643
1306,29,female,21.85,0,yes,northeast,16115.3045
1319,39,female,26.315,2,no,northwest,7201.70085
1328,23,female,24.225,2,no,northeast,22395.74424
713,20,male,40.47,0,no,northeast,1984.4533
540,34,female,38.0,3,no,southwest,6196.448
779,53,male,28.88,0,no,northwest,9869.8102
64,20,female,22.42,0,yes,northwest,14711.7438
153,42,female,23.37,0,yes,northeast,19964.7463
1135,50,female,28.12,3,no,northwest,11085.5868
598,43,male,32.6,2,no,southwest,7441.501
741,27,male,29.15,0,yes,southeast,18246.4955
1195,19,female,27.93,3,no,northwest,18838.70366
260,58,female,25.2,0,no,southwest,11837.16
1177,40,female,27.4,1,no,southwest,6496.886
218,26,female,29.92,1,no,southeast,3392.9768
1187,62,female,32.68,0,no,northwest,13844.7972
754,24,male,33.63,4,no,northeast,17128.42608
619,55,female,37.1,0,no,southwest,10713.644
1152,43,female,32.56,3,yes,southeast,40941.2854
474,54,male,25.1,3,yes,southwest,25382.297
1325,61,male,33.535,0,no,northeast,13143.33665
199,64,female,39.33,0,no,northeast,14901.5167
706,51,female,38.06,0,yes,southeast,44400.4064
125,26,female,28.785,0,no,northeast,3385.39915
302,56,female,37.51,2,no,southeast,12265.5069
1188,43,female,25.27,1,yes,northeast,21771.3423
1112,48,female,25.85,3,yes,southeast,24180.9335
1076,47,female,32.0,1,no,southwest,8551.347
309,41,female,33.06,2,no,northwest,7749.1564
30,22,male,35.6,0,yes,southwest,35585.576
529,18,male,25.46,0,no,northeast,1708.0014
740,45,male,24.035,2,no,northeast,8604.48365
5,31,female,25.74,0,no,southeast,3756.6216
565,19,female,30.495,0,no,northwest,2128.43105
123,44,male,31.35,1,yes,northeast,39556.4945
94,64,female,31.3,2,yes,southwest,47291.055
900,49,male,22.515,0,no,northeast,8688.85885
293,22,female,28.82,0,no,southeast,2156.7518
734,59,female,32.1,3,no,southwest,14007.222
883,51,female,37.05,3,yes,northeast,46255.1125
909,32,female,24.6,0,yes,southwest,17496.306
1207,36,male,33.4,2,yes,southwest,38415.474
198,51,female,18.05,0,no,northwest,9644.2525
1260,32,female,20.52,0,no,northeast,4544.2348
950,57,male,18.335,0,no,northeast,11534.87265
1040,35,female,28.025,0,yes,northwest,20234.85475
114,52,male,32.205,3,no,northeast,11488.31695
599,52,female,37.525,2,no,northwest,33471.97189
316,50,male,32.205,0,no,northwest,8835.26495
110,54,male,33.63,1,no,northwest,10825.2537
127,52,female,37.4,0,no,southwest,9634.538
163,32,female,29.8,2,no,southwest,5152.134
602,56,female,25.3,0,no,southwest,11070.535
263,19,male,36.955,0,yes,northwest,36219.40545
801,64,female,35.97,0,no,southeast,14313.8463
1096,51,female,34.96,2,yes,northeast,44641.1974
1103,58,male,36.08,0,no,southeast,11363.2832
424,48,male,30.2,2,no,southwest,8968.33
15,19,male,24.6,1,no,southwest,1837.237
93,35,male,34.77,2,no,northwest,5729.0053
26,63,female,23.085,0,no,northeast,14451.83515
848,27,female,24.1,0,no,southwest,2974.126
737,26,male,23.7,2,no,southwest,3484.331
379,62,male,31.46,1,no,southeast,27000.98473
1157,23,female,23.18,2,no,northwest,14426.07385
962,63,female,35.2,1,no,southeast,14474.675
292,25,male,45.54,2,yes,southeast,42112.2356
452,24,male,23.4,0,no,southwest,1969.614
1024,47,female,45.32,1,no,southeast,8569.8618
13,56,female,39.82,0,no,southeast,11090.7178
765,57,female,31.825,0,no,northwest,11842.62375
328,64,female,33.8,1,yes,southwest,47928.03
178,46,female,28.9,2,no,southwest,8823.279
113,21,female,35.72,0,no,northwest,2404.7338
28,23,male,17.385,1,no,northwest,2775.19215
1298,33,male,27.455,2,no,northwest,5261.46945
609,30,male,37.8,2,yes,southwest,39241.442
492,18,female,25.08,0,no,northeast,2196.4732
1179,31,male,29.81,0,yes,southeast,19350.3689
131,61,female,22.04,0,no,northeast,13616.3586
106,19,female,28.4,1,no,southwest,2331.519
912,59,female,26.695,3,no,northwest,14382.70905
152,32,female,37.145,3,no,northeast,6334.34355
1163,18,female,28.215,0,no,northeast,2200.83085
931,39,female,32.5,1,no,southwest,6238.298
698,56,male,33.725,0,no,northwest,10976.24575
935,59,female,27.5,0,no,southwest,12233.828
305,29,male,33.345,2,no,northwest,19442.3535
46,18,female,38.665,2,no,northeast,3393.35635
177,54,male,29.2,1,no,southwest,10436.096
923,34,male,35.815,0,no,northwest,4320.41085
1250,24,male,29.83,0,yes,northeast,18648.4217
636,19,female,24.51,1,no,northwest,2709.1119
408,38,male,21.12,3,no,southeast,6652.5288
230,42,female,36.195,1,no,northwest,7443.64305
349,19,male,27.835,0,no,northwest,1635.73365
1220,30,female,21.945,1,no,northeast,4718.20355
1018,54,female,35.815,3,no,northwest,12495.29085
1149,42,male,34.1,0,no,southwest,5979.731
325,40,male,34.105,1,no,northeast,6600.20595
2,28,male,33.0,3,no,southeast,4449.462
88,46,female,27.74,0,no,northwest,8026.6666
288,59,female,36.765,1,yes,northeast,47896.79135
346,33,male,35.75,2,no,southeast,4889.9995
1276,22,female,30.4,0,no,northeast,2741.948
1311,33,female,26.695,0,no,northwest,4571.41305
562,27,male,30.5,0,no,southwest,2494.022
341,62,male,30.02,0,no,northwest,13352.0998
732,24,female,30.1,3,no,southwest,4234.927
365,49,female,30.78,1,no,northeast,9778.3472
787,21,male,36.86,0,no,northwest,1917.3184
1293,46,male,25.745,3,no,northwest,9301.89355
404,31,male,20.4,0,no,southwest,3260.199
437,35,male,28.9,3,no,southwest,5926.846
501,43,male,26.03,0,no,northeast,6837.3687
378,64,female,30.115,3,no,northwest,16455.70785
499,62,female,39.2,0,no,southwest,13470.86
381,55,male,30.685,0,yes,northeast,42303.69215
182,22,male,19.95,3,no,northeast,4005.4225
648,18,male,28.5,0,no,northeast,1712.227
1263,43,female,29.9,1,no,southwest,7337.748
272,41,male,37.05,2,no,northwest,7265.7025
1122,53,female,36.86,3,yes,northwest,46661.4424
83,48,female,41.23,4,no,northwest,11033.6617
445,45,female,33.1,0,no,southwest,7345.084
926,19,female,23.4,2,no,southwest,2913.569
1205,35,male,17.86,1,no,northwest,5116.5004
91,53,female,24.795,1,no,northwest,10942.13205
588,61,female,35.91,0,no,northeast,13635.6379
1206,59,female,34.8,2,no,southwest,36910.60803
916,43,female,26.885,0,yes,northwest,21774.32215
1119,30,female,19.95,3,no,northwest,5693.4305
872,42,male,24.86,0,no,southeast,5966.8874
375,23,female,28.31,0,yes,northwest,18033.9679
508,24,female,25.27,0,no,northeast,3044.2133
531,62,female,31.73,0,no,northeast,14043.4767
386,58,female,39.05,0,no,southeast,11856.4115
400,51,female,20.6,0,no,southwest,9264.797
1317,18,male,53.13,0,no,southeast,1163.4627
207,35,male,27.74,2,yes,northeast,20984.0936
621,37,male,34.1,4,yes,southwest,40182.246
238,19,male,29.07,0,yes,northwest,17352.6803
95,28,female,37.62,1,no,southeast,3766.8838
712,43,female,30.685,2,no,northwest,8310.83915
730,35,male,24.42,3,yes,southeast,19361.9988
516,20,male,35.31,1,no,southeast,27724.28875
98,56,male,19.95,0,yes,northeast,22412.6485
1313,19,female,34.7,2,yes,southwest,36397.576
932,46,male,25.8,5,no,southwest,10096.97
58,53,female,22.88,1,yes,southeast,23244.7902
1082,38,male,19.95,1,no,northwest,5855.9025
998,33,female,36.29,3,no,northeast,6551.7501
1039,19,male,27.265,2,no,northwest,22493.65964
327,45,male,36.48,2,yes,northwest,42760.5022
798,58,female,33.1,0,no,southwest,11848.141
502,51,male,23.21,1,yes,southeast,22218.1149
1054,27,female,21.47,0,no,northwest,3353.4703
728,18,female,40.28,0,no,northeast,2217.6012
876,49,female,27.1,1,no,southwest,26140.3603
227,58,female,41.91,0,no,southeast,24227.33724
117,29,female,27.94,1,yes,southeast,19107.7796
1184,23,female,28.49,1,yes,southeast,18328.2381
486,54,female,21.47,3,no,northwest,12475.3513
690,21,male,27.36,0,no,northeast,2104.1134
150,35,male,24.13,1,no,northwest,5125.2157
70,27,female,24.75,0,yes,southeast,16577.7795
959,48,male,36.67,1,no,northwest,28468.91901
544,54,male,30.21,0,no,northwest,10231.4999
1051,64,male,26.41,0,no,northeast,14394.5579
190,61,male,31.57,0,no,southeast,12557.6053
1083,32,male,31.5,1,no,southwest,4076.497
710,18,male,35.2,1,no,southeast,1727.54
188,41,female,32.2,1,no,southwest,6775.961
675,45,male,21.375,0,no,northwest,7222.78625
1215,18,male,39.14,0,no,northeast,12890.05765
268,45,male,30.2,1,no,southwest,7441.053
1115,55,male,32.67,1,no,southeast,10807.4863
247,24,male,35.86,0,no,southeast,1986.9334
1084,62,female,30.495,2,no,northwest,15019.76005
520,50,female,27.36,0,no,northeast,25656.57526
262,52,male,24.32,3,yes,northeast,24869.8368
695,26,female,40.185,0,no,northwest,3201.24515
376,39,female,24.89,3,yes,northeast,21659.9301
97,55,male,38.28,0,no,southeast,10226.2842
1262,41,female,28.05,1,no,southeast,6770.1925
191,36,female,26.2,0,no,southwest,4883.866
641,42,male,28.31,3,yes,northwest,32787.45859
374,20,male,33.33,0,no,southeast,1391.5287
1166,57,male,40.37,0,no,southeast,10982.5013
975,29,male,22.895,0,yes,northeast,16138.76205
786,60,male,36.955,0,no,northeast,12741.16745
366,56,female,32.3,3,no,northeast,13430.265
1020,51,male,37.0,0,no,southwest,8798.593
258,51,male,24.415,4,no,northwest,11520.09985
1232,54,female,24.605,3,no,northwest,12479.70895
22,18,male,34.1,0,no,southeast,1137.011
3,33,male,22.705,0,no,northwest,21984.47061
568,49,female,31.9,5,no,southwest,11552.904
367,42,female,24.985,2,no,northwest,8017.06115
679,49,female,23.18,2,no,northwest,10156.7832
584,19,male,20.7,0,no,southwest,1242.816
431,29,female,20.235,2,no,northwest,4906.40965
361,35,male,30.5,1,no,southwest,4751.07
476,24,male,28.5,0,yes,northeast,35147.52848
1057,45,female,31.79,0,no,southeast,17929.30337
715,60,male,28.9,0,no,southwest,12146.971
1287,36,female,25.9,1,no,southwest,5472.449
1050,44,female,36.955,1,no,northwest,8023.13545
1189,23,female,28.0,0,no,southwest,13126.67745
1134,28,male,33.82,0,no,northwest,19673.33573
861,38,female,28.0,3,no,southwest,7151.092
25,59,female,27.72,3,no,southeast,14001.1338
572,30,female,43.12,2,no,southeast,4753.6368
610,47,female,29.37,1,no,southeast,8547.6913
884,25,male,26.695,4,no,northwest,4877.98105
1066,48,male,37.29,2,no,southeast,8978.1851
315,52,male,33.25,0,no,northeast,9722.7695
17,23,male,23.845,0,no,northeast,2395.17155
945,56,female,35.8,1,no,southwest,11674.13
1239,25,female,42.13,1,no,southeast,3238.4357
811,33,female,42.94,3,no,northwest,6360.9936
18,56,male,40.3,0,no,southwest,10602.385
471,18,female,30.115,0,no,northeast,2203.47185
249,29,male,28.975,1,no,northeast,4040.55825
339,46,female,27.72,1,no,southeast,8232.6388
213,34,female,26.73,1,no,southeast,5002.7827
917,45,male,22.895,0,yes,northeast,35069.37452
19,30,male,35.3,0,yes,southwest,36837.467
446,60,male,29.64,0,no,northeast,12730.9996
1309,41,male,32.2,2,no,southwest,6875.961
405,52,female,38.38,2,no,northeast,11396.9002
790,39,female,41.8,0,no,southeast,5662.225
749,28,male,30.875,0,no,northwest,3062.50825
747,19,male,21.755,0,no,northwest,1627.28245
738,23,male,31.73,3,yes,northeast,36189.1017
1031,55,female,35.2,0,yes,southeast,44423.803
1265,64,male,23.76,0,yes,southeast,26926.5144
1106,49,female,29.925,0,no,northwest,8988.15875
933,45,female,35.3,0,no,southwest,7348.142
21,30,female,32.4,1,no,southwest,4149.736
488,44,female,38.06,0,yes,southeast,48885.13561
373,26,male,32.9,2,yes,southwest,36085.219
1337,61,female,29.07,0,yes,northwest,29141.3603
971,34,female,23.56,0,no,northeast,4992.3764
697,41,male,35.75,1,yes,southeast,40273.6455
677,60,male,31.35,3,yes,northwest,46130.5265
1144,50,male,32.3,2,no,southwest,9630.397
160,42,female,26.6,0,yes,northwest,21348.706
55,58,male,36.955,2,yes,northwest,47496.49445
1061,57,male,27.94,1,no,southeast,11554.2236
297,47,male,25.41,1,yes,southeast,21978.6769
1104,37,male,29.8,0,no,southwest,20420.60465
992,50,female,31.6,2,no,southwest,10118.424
691,47,male,36.2,1,no,southwest,8068.185
1128,34,male,32.8,1,no,southwest,14358.36437
819,33,female,35.53,0,yes,northwest,55135.40209
1046,43,female,25.08,0,no,northeast,7325.0482
1204,18,female,27.28,3,yes,southeast,18223.4512
700,21,female,34.87,0,no,southeast,2020.5523
927,57,female,20.1,1,no,southwest,12032.326
130,59,female,26.505,0,no,northeast,12815.44495
1314,30,female,23.655,3,yes,northwest,18765.87545
391,19,female,37.43,0,no,northwest,2138.0707
1048,25,female,22.515,1,no,northwest,3594.17085
605,51,female,34.1,0,no,southeast,9283.562
961,29,female,25.9,0,no,southwest,3353.284
512,51,male,22.42,0,no,northeast,9361.3268
1305,24,female,27.72,0,no,southeast,2464.6188
380,27,female,17.955,2,yes,northeast,15006.57945
586,21,male,20.235,3,no,northeast,3861.20965
919,35,female,34.21,1,no,southeast,5245.2269
295,18,male,22.99,0,no,northeast,1704.5681
1261,28,male,37.1,1,no,southwest,3277.161
1270,26,male,33.915,1,no,northwest,3292.52985
826,56,male,31.79,2,yes,southeast,43813.8661
1001,24,male,32.7,0,yes,southwest,34472.841
1202,22,male,32.11,0,no,northwest,2055.3249
593,21,female,21.85,1,yes,northeast,15359.1045
914,33,male,24.605,2,no,northwest,5257.50795
592,20,male,31.13,2,no,southeast,2566.4707
1253,40,female,29.3,4,no,southwest,15828.82173
467,56,female,33.82,2,no,northwest,12643.3778
1323,42,female,40.37,2,yes,southeast,43896.3763
484,48,male,34.3,3,no,southwest,9563.029
895,61,female,44.0,0,no,southwest,13063.883
1280,48,female,33.33,0,no,southeast,8283.6807
428,21,female,16.815,1,no,northeast,3167.45585
250,18,male,17.29,2,yes,northeast,12829.4551
1005,29,male,31.73,2,no,northwest,4433.3877
626,36,male,28.88,3,no,northeast,6748.5912
1030,46,female,23.655,1,yes,northwest,21677.28345
265,46,male,42.35,3,yes,southeast,46151.1245
1114,23,male,24.51,0,no,northeast,2396.0959
1173,38,male,29.26,2,no,northwest,6457.8434
882,21,female,22.135,0,no,northeast,2585.85065
1139,19,female,32.49,0,yes,northwest,36898.73308
1331,23,female,33.4,0,no,southwest,10795.93733
995,39,female,23.275,3,no,northeast,7986.47525
183,44,female,26.41,0,no,northwest,7419.4779
894,62,male,32.11,0,no,northeast,13555.0049
430,19,male,33.1,0,no,southwest,23082.95533
852,46,female,35.53,0,yes,northeast,42111.6647
711,50,female,23.54,2,no,southeast,10107.2206
1080,18,male,21.78,2,no,southeast,11884.04858
583,32,female,23.65,1,no,southeast,17626.23951
336,60,male,25.74,0,no,southeast,12142.5786
480,63,male,41.325,3,no,northwest,15555.18875
323,57,male,40.945,0,no,northeast,11566.30055
1081,32,male,27.835,1,no,northwest,4454.40265
600,18,female,39.16,0,no,southeast,1633.0444
314,27,female,31.4,0,yes,southwest,34838.873
124,47,female,33.915,3,no,northwest,10115.00885
164,37,male,29.64,0,no,northwest,5028.1466
966,51,male,24.795,2,yes,northwest,23967.38305
1063,36,male,28.595,3,no,northwest,6548.19505
1252,20,male,27.3,0,yes,southwest,16232.847
1027,23,male,18.715,0,no,northwest,21595.38229
596,42,female,29.48,2,no,southeast,7640.3092
839,59,female,31.35,0,no,northwest,12622.1795
241,33,female,22.135,1,no,northeast,5354.07465
1155,36,female,22.135,3,no,northeast,7228.21565
4,32,male,28.88,0,no,northwest,3866.8552
270,18,male,29.37,1,no,southeast,1719.4363
1070,37,male,37.07,1,yes,southeast,39871.7043
372,42,female,33.155,1,no,northeast,7639.41745
1275,57,male,23.7,0,no,southwest,10959.33
444,56,male,26.695,1,yes,northwest,26109.32905
902,26,male,27.265,3,no,northeast,4661.28635
1049,49,male,30.9,0,yes,southwest,39727.614
1162,30,male,38.83,1,no,southeast,18963.17192
1009,51,male,27.74,1,no,northeast,9957.7216
1218,46,female,34.6,1,yes,southwest,41661.602
762,33,male,27.1,1,yes,southwest,19040.876
211,40,male,30.875,4,no,northwest,8162.71625
911,18,male,31.73,0,yes,northeast,33732.6867
236,18,female,26.73,0,no,southeast,1615.7667
898,18,female,40.26,0,no,southeast,1634.5734
649,58,female,32.965,0,no,northeast,12430.95335
129,38,male,34.7,2,no,southwest,6082.405
579,25,female,23.465,0,no,northeast,3206.49135
766,47,male,32.3,1,no,southwest,8062.764
653,45,female,36.3,2,no,southeast,8527.532
1068,63,male,21.66,1,no,northwest,14349.8544
1053,47,male,29.8,3,yes,southwest,25309.489
205,28,female,28.88,1,no,northeast,4337.7352
597,34,female,33.25,1,no,northeast,5594.8455
355,46,male,27.6,0,no,southwest,24603.04837
680,21,female,17.4,1,no,southwest,2585.269
524,42,male,26.07,1,yes,southeast,38245.59327
1225,33,female,39.82,1,no,southeast,4795.6568
635,64,male,38.19,0,no,northeast,14410.9321
789,62,female,29.92,0,no,southeast,13457.9608
414,19,female,35.15,0,no,northwest,2134.9015
551,32,female,28.93,0,no,southeast,3972.9247
774,41,male,34.2,2,no,northwest,7261.741
986,43,male,30.115,3,no,northwest,8410.04685
440,31,female,32.68,1,no,northwest,4738.2682
1032,30,female,27.93,0,no,northeast,4137.5227
503,19,male,30.25,0,yes,southeast,32548.3405
146,46,male,30.495,3,yes,northwest,40720.55105
944,62,male,39.93,0,no,southeast,12982.8747
699,23,female,39.27,2,no,southeast,3500.6123
282,30,male,27.645,1,no,northeast,4237.12655
862,55,female,33.535,2,no,northwest,12269.68865
669,40,female,29.81,1,no,southeast,6500.2359
723,19,male,35.4,0,no,southwest,1263.249
688,47,female,24.1,1,no,southwest,26236.57997
294,25,male,26.8,3,no,southwest,3906.127
816,24,female,24.225,0,no,northwest,2842.76075
37,26,male,20.8,0,no,southwest,2302.3
175,63,female,37.7,0,yes,southwest,48824.45
827,36,male,28.025,1,yes,northeast,20773.62775
371,57,female,22.23,0,no,northeast,12029.2867
1235,26,male,31.065,0,no,northwest,2699.56835
75,57,male,34.01,0,no,northwest,11356.6609
659,57,female,28.785,4,no,northeast,14394.39815
1022,47,male,36.08,1,yes,southeast,42211.1382
1333,50,male,30.97,3,no,northwest,10600.5483
322,34,male,30.8,0,yes,southwest,35491.64
1178,23,female,34.865,0,no,northeast,2899.48935
611,38,female,34.8,2,no,southwest,6571.544
384,44,male,22.135,2,no,northeast,8302.53565
632,29,female,35.53,0,no,southeast,3366.6697
350,57,female,23.18,0,no,northwest,11830.6072
1110,54,female,32.3,1,no,northeast,11512.405
1244,18,male,33.33,0,no,southeast,1135.9407
804,23,male,26.51,0,no,southeast,1815.8759
1197,41,male,33.55,0,no,southeast,5699.8375
1242,22,female,21.28,3,no,northwest,4296.2712
274,25,male,27.55,0,no,northwest,2523.1695
836,36,male,31.5,0,no,southwest,4402.233
140,34,male,22.42,2,no,northeast,27375.90478
1185,45,male,23.56,2,no,northeast,8603.8234
104,34,female,27.5,1,no,southwest,5003.853
834,36,male,33.82,1,no,northwest,5377.4578
264,53,female,38.06,3,no,southeast,20462.99766
481,49,male,37.51,2,no,southeast,9304.7019
1315,18,male,28.31,1,no,northeast,11272.33139
757,47,female,27.83,0,yes,southeast,23065.4207
622,49,female,21.3,1,no,southwest,9182.17
727,29,female,21.755,1,yes,northeast,16657.71745
814,36,male,34.43,2,no,southeast,5584.3057
994,27,female,20.045,3,yes,northwest,16420.49455
750,37,female,26.4,0,yes,southeast,19539.243
999,36,female,26.885,0,no,northwest,5267.81815
523,38,female,37.73,0,no,southeast,5397.6167
953,44,male,30.2,2,yes,southwest,38998.546
866,18,male,37.29,0,no,southeast,1141.4451
955,31,male,39.49,1,no,southeast,3875.7341
420,64,male,33.88,0,yes,southeast,46889.2612
329,52,male,36.7,0,no,southwest,9144.565
543,54,female,47.41,0,yes,southeast,63770.42801
1092,23,male,32.7,3,no,southwest,3591.48
50,18,female,35.625,0,no,northeast,2211.13075
1243,28,female,33.11,0,no,southeast,3171.6149
256,56,male,33.63,0,yes,northwest,43921.1837
581,19,male,30.59,0,no,northwest,1639.5631
1240,52,male,41.8,2,yes,southeast,47269.854
983,27,female,30.59,1,no,northeast,16796.41194
331,52,male,27.36,0,yes,northwest,24393.6224
918,61,female,28.2,0,no,southwest,13041.921
92,59,male,29.83,3,yes,northeast,30184.9367
1268,20,female,33.3,0,no,southwest,1880.487
429,27,female,30.4,3,no,northwest,18804.7524
853,53,female,23.75,2,no,northeast,11729.6795
216,53,female,26.6,0,no,northwest,10355.641
744,50,male,26.41,0,no,northwest,8827.2099
533,37,male,36.19,0,no,southeast,19214.70553
1089,56,male,22.1,0,no,southwest,10577.087
1012,61,female,33.33,4,no,southeast,36580.28216
237,31,male,38.39,2,no,southeast,4463.2051
662,32,female,31.54,1,no,northeast,5148.5526
654,59,female,35.2,0,no,southeast,12244.531
1093,22,female,30.4,0,yes,northwest,33907.548
1249,32,male,33.63,1,yes,northeast,37607.5277
354,18,female,38.28,0,no,southeast,14133.03775
951,51,male,42.9,2,yes,southeast,47462.894
941,50,female,46.09,1,no,southeast,9549.5651
387,50,male,25.365,2,no,northwest,30284.64294
527,51,female,25.8,1,no,southwest,9861.025
655,52,female,25.3,2,yes,southeast,24667.419
209,40,male,41.23,1,no,northeast,6610.1097
990,26,female,19.8,1,no,southwest,3378.91
128,32,female,17.765,2,yes,northwest,32734.1863
778,35,male,34.32,3,no,southeast,5934.3798
1090,47,male,36.19,0,yes,southeast,41676.0811
273,50,male,27.455,1,no,northeast,9617.66245
842,23,female,32.78,2,yes,southeast,36021.0112
1023,18,male,23.32,1,no,southeast,1711.0268
791,19,male,27.6,0,no,southwest,1252.407
806,40,female,41.42,1,no,northwest,28476.73499
1246,45,female,25.7,3,no,southwest,9101.798
1210,36,male,30.875,1,no,northwest,5373.36425
1014,38,female,27.6,0,no,southwest,5383.536
1154,48,female,27.93,4,no,northwest,11015.1747
85,45,male,22.895,2,yes,northwest,21098.55405
997,63,female,36.85,0,no,southeast,13887.9685
703,34,female,26.41,1,no,northwest,5385.3379
176,38,male,27.835,2,no,northwest,6455.86265
873,43,male,30.1,1,no,southwest,6849.026
514,39,male,28.3,1,yes,southwest,21082.16
628,58,male,38.0,0,no,southwest,11365.952
1011,43,male,20.13,2,yes,southeast,18767.7377
707,49,male,28.69,3,no,northwest,10264.4421
240,23,female,36.67,2,yes,northeast,38511.6283
299,48,female,28.88,1,no,northwest,9249.4952
1301,62,male,30.875,3,yes,northwest,46718.16325
949,25,male,29.7,3,yes,southwest,19933.458
494,21,male,25.7,4,yes,southwest,17942.106
67,40,male,26.315,1,no,northwest,6389.37785
684,33,female,18.5,1,no,southwest,4766.022
1111,38,male,38.39,3,yes,southeast,41949.2441
220,34,female,33.7,1,no,southwest,5012.471
277,22,female,24.3,0,no,southwest,2150.469
864,51,male,25.4,0,no,southwest,8782.469
493,61,male,43.4,0,no,southwest,12574.049
210,20,male,33.0,1,no,southwest,1980.07
442,18,male,43.01,0,no,southeast,1149.3959
162,54,male,39.6,1,no,southwest,10450.552
261,20,female,26.84,1,yes,southeast,17085.2676
1000,30,male,22.99,2,yes,northwest,17361.7661
461,42,male,30.0,0,yes,southwest,22144.032
401,47,male,47.52,1,no,southeast,8083.9198
1175,22,female,27.1,0,no,southwest,2154.361
668,62,male,32.015,0,yes,northeast,45710.20785
78,22,female,39.805,0,no,northeast,2755.02095
768,64,female,39.7,0,no,southwest,14319.031
52,48,male,28.0,1,yes,southwest,23568.272
1336,21,female,25.8,0,no,southwest,2007.945
661,57,female,23.98,1,no,southeast,22192.43711
548,25,female,28.595,0,no,northeast,3213.62205
411,44,female,20.235,1,yes,northeast,19594.80965
1233,58,male,23.3,0,no,southwest,11345.519
863,36,female,19.855,0,no,northeast,5458.04645
1326,42,female,32.87,0,no,northeast,7050.0213
338,50,male,32.3,1,yes,northeast,41919.097
837,56,female,28.31,0,no,northeast,11657.7189
553,52,female,31.73,2,no,northwest,11187.6567
1044,55,male,35.245,1,no,northeast,11394.06555
886,57,male,28.975,0,yes,northeast,27218.43725
86,57,female,31.16,0,yes,northwest,43578.9394
390,48,male,35.625,4,no,northeast,10736.87075
510,56,male,32.11,1,no,northeast,11763.0009
59,34,female,37.335,2,no,northwest,5989.52365
189,29,female,32.11,2,no,northwest,4922.9159
81,45,female,38.285,0,no,northeast,7935.29115
937,39,female,24.225,5,no,northwest,8965.79575
27,55,female,32.775,2,no,northwest,12268.63225
590,58,female,29.0,0,no,southwest,11842.442
180,58,male,28.595,0,no,northwest,11735.87905
549,43,female,46.2,0,yes,southeast,45863.205
899,19,female,22.515,0,no,northwest,2117.33885
296,19,male,27.7,0,yes,southwest,16297.846
219,24,female,23.21,0,no,southeast,25081.76784
458,56,male,39.6,0,no,southwest,10601.412
652,48,female,31.13,0,no,southeast,8280.6227
271,50,male,34.2,2,yes,southwest,42856.838
1307,32,male,28.12,4,yes,northwest,21472.4788
1006,28,male,29.26,2,no,northeast,4438.2634
208,63,female,31.8,0,no,southwest,13880.949
1133,52,female,18.335,0,no,northwest,9991.03765
222,32,male,30.8,3,no,southwest,5253.524
228,41,female,31.635,1,no,northeast,7358.17565
49,36,male,35.2,1,yes,southeast,38709.176
370,61,female,21.09,0,no,northwest,13415.0381
1300,45,male,30.36,0,yes,southeast,62592.87309
759,18,male,38.17,0,yes,southeast,36307.7983
1007,47,male,28.215,3,yes,northwest,24915.22085
1231,20,female,21.8,0,yes,southwest,20167.33603
815,20,female,31.46,0,no,southeast,1877.9294
276,19,male,20.615,2,no,northwest,2803.69785
1025,21,female,34.6,0,no,southwest,2020.177
788,29,male,22.515,3,no,northeast,5209.57885
1208,37,female,25.555,1,yes,northeast,20296.86345
267,59,female,32.395,3,no,northeast,14590.63205
311,19,female,24.7,0,no,southwest,1737.376
242,55,female,26.8,1,no,southwest,35160.13457
1236,63,female,21.66,0,no,northeast,14449.8544
877,33,male,33.44,5,no,southeast,6653.7886
202,60,female,24.035,0,no,northwest,13012.20865
1303,43,male,27.8,0,yes,southwest,37829.7242
1229,58,male,30.305,0,no,northeast,11938.25595
332,61,female,31.16,0,no,northwest,13429.0354
566,38,female,40.565,1,no,northwest,6373.55735
103,61,female,29.92,3,yes,southeast,30942.1918
326,27,female,23.21,1,no,southeast,3561.8889
151,48,male,29.7,0,no,southeast,7789.635
147,51,female,37.73,1,no,southeast,9877.6077
771,53,female,26.7,2,no,southwest,11150.78
54,40,female,28.69,3,no,northwest,8059.6791
1058,24,female,39.49,0,no,southeast,2480.9791
817,23,male,37.1,3,no,southwest,3597.596
212,24,male,28.5,2,no,northwest,3537.703
1136,44,female,25.0,1,no,southwest,7623.518
257,38,female,40.15,0,no,southeast,5400.9805
1294,58,male,25.175,0,no,northeast,11931.12525
686,42,male,26.125,2,no,northeast,7729.64575
56,58,female,31.825,2,no,northeast,13607.36875
1224,41,male,23.94,1,no,northeast,6858.4796
665,43,male,38.06,2,yes,southeast,42560.4304
61,25,male,33.66,4,no,southeast,4504.6624
385,19,male,34.4,0,no,southwest,1261.859
473,47,female,33.345,0,no,northeast,20878.78443
16,52,female,30.78,1,no,northeast,10797.3362
1099,25,female,33.99,1,no,southeast,3227.1211
808,18,male,30.14,0,no,southeast,1131.5066
1098,52,female,30.875,0,no,northeast,23045.56616
818,47,female,26.125,1,yes,northeast,23401.30575
455,59,male,37.4,0,no,southwest,21797.0004
758,30,male,37.43,3,no,northeast,5428.7277
1283,18,male,30.03,1,no,southeast,1720.3537
477,25,male,35.625,0,no,northwest,2534.39375
559,19,male,35.53,0,no,northwest,1646.4297
515,58,male,35.7,0,no,southwest,11362.755
214,45,female,30.9,2,no,southwest,8520.026
120,44,male,37.1,2,no,southwest,7740.337
1295,20,male,22.0,1,no,southwest,1964.78
896,43,female,20.045,2,yes,northeast,19798.05455
538,46,female,28.05,1,no,southeast,8233.0975
29,31,male,36.3,2,yes,southwest,38711.0
1176,52,female,24.13,1,yes,northwest,23887.6627
809,25,male,25.84,1,no,northeast,3309.7926
76,29,female,29.59,1,no,southeast,3947.4131
1078,28,male,31.68,0,yes,southeast,34672.1472
416,52,male,34.1,0,no,southeast,9140.951
534,64,male,40.48,0,no,southeast,13831.1152
358,23,male,41.91,0,no,southeast,1837.2819
215,41,female,37.1,2,no,southwest,7371.772
310,50,male,26.6,0,no,southwest,8444.474
1116,41,male,29.64,5,no,northeast,9222.4026
65,19,female,28.9,0,no,southwest,1743.214
1113,28,female,26.315,3,no,northwest,5312.16985
1227,42,male,37.18,2,no,southeast,7162.0122
1034,61,male,38.38,0,no,northwest,12950.0712
716,49,female,22.61,1,no,northwest,9566.9909
692,20,male,32.395,1,no,northwest,2362.22905
633,40,male,22.705,2,no,northeast,7173.35995
235,40,female,22.22,2,yes,southeast,19444.2658
676,55,female,40.81,3,no,southeast,12485.8009
702,53,male,41.47,0,no,southeast,9504.3103
558,35,female,34.105,3,yes,northwest,39983.42595
554,25,female,41.325,0,no,northeast,17878.90068
878,41,male,28.8,1,no,southwest,6282.235
542,63,female,36.3,0,no,southeast,13887.204
845,60,female,32.45,0,yes,southeast,45008.9555
1055,55,male,27.645,0,no,northwest,10594.50155
193,56,female,26.6,1,no,northwest,12044.342
356,46,male,43.89,3,no,southeast,8944.1151
936,44,male,29.735,2,no,northeast,32108.66282
577,31,female,38.095,1,yes,northeast,58571.07448
1308,25,female,30.2,0,yes,southwest,33900.653
517,45,male,30.495,2,no,northwest,8413.46305
1142,52,female,24.86,0,no,southeast,27117.99378
68,40,female,36.19,0,no,southeast,5920.1041
139,22,female,36.0,0,no,southwest,2166.732
111,55,female,29.7,2,no,southwest,11881.358
857,25,male,24.13,0,yes,northwest,15817.9857
1322,62,male,38.83,0,no,southeast,12981.3457
717,60,male,24.32,1,no,northwest,13112.6048
90,21,female,39.49,0,no,southeast,2026.9741
773,19,female,28.88,0,yes,northwest,17748.5062
880,22,male,34.8,3,no,southwest,3443.064
976,48,male,40.15,0,no,southeast,7804.1605
459,40,female,33.0,3,no,southeast,7682.67
1329,52,male,38.6,2,no,southwest,10325.206
989,24,female,20.52,0,yes,northeast,14571.8908
464,19,male,25.175,0,no,northwest,1632.03625
173,35,female,34.8,1,no,southwest,5246.047
682,39,male,35.3,2,yes,southwest,40103.89
1245,28,male,24.3,5,no,southwest,5615.369
72,53,female,28.1,3,no,southwest,11741.726
1153,35,female,35.815,1,no,northwest,5630.45785
174,24,female,33.345,0,no,northwest,2855.43755
1198,40,male,29.355,1,no,northwest,6393.60345
165,47,male,28.215,4,no,northeast,10407.08585
397,21,male,31.02,0,no,southeast,16586.49771
200,19,female,32.11,0,no,northwest,2130.6759
892,54,male,24.035,0,no,northeast,10422.91665
639,56,male,33.66,4,no,southeast,12949.1554
1213,52,female,33.3,2,no,southwest,10806.839
1028,54,male,31.6,0,no,southwest,9850.432
952,30,female,28.405,1,no,northwest,4527.18295
1038,22,male,28.88,0,no,northeast,2250.8352
344,49,female,41.47,4,no,southeast,10977.2063
969,39,female,34.32,5,no,southeast,8596.8278
1288,20,male,39.4,2,yes,southwest,38344.566
155,44,male,39.52,0,no,northwest,6948.7008
402,64,female,32.965,0,no,northwest,14692.66935
587,34,female,30.21,1,yes,northwest,43943.8761
1147,20,female,31.92,0,no,northwest,2261.5688
1277,32,female,29.735,0,no,northwest,4357.04365
693,24,male,23.655,0,no,northwest,2352.96845
683,53,male,24.32,0,no,northwest,9863.4718
393,49,male,31.35,1,no,northeast,9290.1395
352,30,female,27.7,0,no,southwest,3554.203
1259,52,female,23.18,0,no,northeast,10197.7722
172,18,male,15.96,0,no,northeast,1694.7964
1209,59,male,37.1,1,no,southwest,12347.172
1037,45,female,30.495,1,yes,northwest,39725.51805
795,27,male,28.5,0,yes,northwest,18310.742
1045,43,female,24.7,2,yes,northwest,21880.82
1324,31,male,25.935,1,no,northwest,4239.89265
1138,33,male,30.25,0,no,southeast,3704.3545
825,64,female,31.825,2,no,northeast,16069.08475
255,55,female,25.365,3,no,northeast,13047.33235
812,54,male,21.01,2,no,southeast,11013.7119
108,29,male,27.94,0,no,southeast,2867.1196
608,28,male,26.98,2,no,northeast,4435.0942
756,39,female,22.8,3,no,northeast,7985.815
392,48,male,31.445,1,no,northeast,8964.06055
915,24,female,33.99,0,no,southeast,2473.3341
615,47,female,36.63,1,yes,southeast,42969.8527
696,53,female,32.3,2,no,northeast,29186.48236
1226,38,male,16.815,2,no,northeast,6640.54485
33,63,male,28.31,0,no,northwest,13770.0979
840,21,male,31.1,0,no,southwest,1526.312
89,55,female,26.98,0,no,northwest,11082.5772
550,63,male,30.8,0,no,southwest,13390.559
1279,25,female,26.79,2,no,northwest,4189.1131
233,59,male,27.5,1,no,southwest,12333.828
100,41,female,31.6,0,no,southwest,6186.127
1169,37,female,34.105,1,no,northwest,6112.35295
1170,18,male,27.36,1,yes,northeast,17178.6824
77,21,male,35.53,0,no,southeast,1532.4697
617,49,male,25.6,2,yes,southwest,23306.547
742,53,male,34.105,0,yes,northeast,43254.41795
1107,50,female,26.22,2,no,northwest,10493.9458
624,59,male,28.785,0,no,northwest,12129.61415
1292,21,male,23.21,0,no,southeast,1515.3449
439,26,male,29.45,0,no,northeast,2897.3235
856,48,female,33.11,0,yes,southeast,40974.1649
498,44,female,23.98,2,no,southeast,8211.1002
1273,35,male,27.61,1,no,southeast,4747.0529
643,23,female,34.96,3,no,northwest,4466.6214
1234,45,female,27.83,2,no,southeast,8515.7587
159,50,female,27.83,3,no,southeast,19749.38338
449,35,male,38.6,1,no,southwest,4762.329
844,53,male,30.495,0,no,northeast,10072.05505
1120,23,female,31.4,0,yes,southwest,34166.273
777,45,male,39.805,0,no,northeast,7448.40395
940,18,male,23.21,0,no,southeast,1121.8739
1281,47,female,27.645,2,yes,northwest,24535.69855
204,46,male,22.3,0,no,southwest,7147.105
589,38,female,30.69,1,no,southeast,5976.8311
304,57,female,38.0,2,no,southwest,12646.207
80,31,male,26.885,1,no,northeast,4441.21315
942,18,female,40.185,0,no,northeast,2217.46915
822,18,female,31.13,0,no,southeast,1621.8827
658,48,female,35.91,1,no,northeast,26392.26029
184,44,male,30.69,2,no,southeast,7731.4271
799,33,male,24.795,0,yes,northeast,17904.52705
