age,sex,bmi,children,smoker,region,charges
46,male,27.6,0,no,southwest,24603.04837
33,male,27.455,2,no,northwest,5261.46945
44,male,37.1,2,no,southwest,7740.337
45,female,38.285,0,no,northeast,7935.29115
19,female,33.11,0,yes,southeast,34439.8559
21,male,20.235,3,no,northeast,3861.20965
44,female,27.5,1,no,southwest,7626.993
33,female,24.31,0,no,southeast,4185.0979
26,female,22.23,0,no,northwest,3176.2877
33,male,42.4,5,no,southwest,6666.243
35,female,23.465,2,no,northeast,6402.29135
23,male,26.51,0,no,southeast,1815.8759
26,female,17.195,2,yes,northeast,14455.64405
40,male,22.705,2,no,northeast,7173.35995
37,male,36.19,0,no,southeast,19214.70553
59,male,25.46,1,no,northeast,12913.9924
47,male,28.215,4,no,northeast,10407.08585
55,male,28.975,0,no,northeast,10796.35025
60,female,30.5,0,no,southwest,12638.195
22,female,36.0,0,no,southwest,2166.732
56,female,25.65,0,no,northwest,11454.0215
62,female,38.095,2,no,northeast,15230.32405
54,male,25.46,1,no,northeast,25517.11363
54,male,29.2,1,no,southwest,10436.096
33,male,35.75,1,yes,southeast,38282.7495
28,female,17.29,0,no,northeast,3732.6251
26,female,29.355,2,no,northeast,4564.19145
19,female,37.43,0,no,northwest,2138.0707
26,female,40.185,0,no,northwest,3201.24515
49,male,31.35,1,no,northeast,9290.1395
60,male,40.92,0,yes,southeast,48673.5588
42,female,40.37,2,yes,southeast,43896.3763
56,male,26.695,1,yes,northwest,26109.32905
28,female,26.315,3,no,northwest,5312.16985
41,male,33.55,0,no,southeast,5699.8375
56,female,39.82,0,no,southeast,11090.7178
27,male,28.5,0,yes,northwest,18310.742
43,female,34.58,1,no,northwest,7727.2532
28,female,28.88,1,no,northeast,4337.7352
59,male,31.79,2,no,southeast,12928.7911
34,male,34.21,0,no,southeast,3935.1799
47,male,28.215,3,yes,northwest,24915.22085
55,female,25.365,3,no,northeast,13047.33235
58,male,30.305,0,no,northeast,11938.25595
27,male,29.15,0,yes,southeast,18246.4955
50,male,36.2,0,no,southwest,8457.818
60,female,35.1,0,no,southwest,12644.589
41,female,32.6,3,no,southwest,7954.517
40,female,23.37,3,no,northeast,8252.2843
19,male,34.4,0,no,southwest,1261.859
64,female,39.7,0,no,southwest,14319.031
51,female,25.8,1,no,southwest,9861.025
45,female,35.815,0,no,northwest,7731.85785
62,male,30.02,0,no,northwest,13352.0998
20,male,39.4,2,yes,southwest,38344.566
45,male,33.7,1,no,southwest,7445.918
27,female,17.955,2,yes,northeast,15006.57945
53,male,29.48,0,no,southeast,9487.6442
22,female,30.4,0,no,northeast,2741.948
43,female,30.685,2,no,northwest,8310.83915
31,male,31.065,3,no,northwest,5425.02335
37,female,38.39,0,yes,southeast,40419.0191
48,male,32.3,1,no,northwest,8765.249
21,female,34.87,0,no,southeast,2020.5523
42,female,41.325,1,no,northeast,7650.77375
37,female,27.74,3,no,northwest,7281.5056
32,male,30.03,1,no,southeast,4074.4537
49,male,22.515,0,no,northeast,8688.85885
39,male,45.43,2,no,southeast,6356.2707
29,male,27.2,0,no,southwest,2866.091
50,female,33.7,4,no,southwest,11299.343
50,female,28.12,3,no,northwest,11085.5868
48,male,31.445,1,no,northeast,8964.06055
48,female,33.11,0,yes,southeast,40974.1649
25,female,41.325,0,no,northeast,17878.90068
52,female,25.3,2,yes,southeast,24667.419
29,female,21.85,0,yes,northeast,16115.3045
19,male,27.265,2,no,northwest,22493.65964
43,male,38.06,2,yes,southeast,42560.4304
31,male,30.875,0,no,northeast,3857.75925
50,male,25.3,0,no,southeast,8442.667
27,female,21.47,0,no,northwest,3353.4703
58,male,25.175,0,no,northeast,11931.12525
40,male,32.775,1,yes,northeast,39125.33225
19,female,24.605,1,no,northwest,2709.24395
46,male,39.425,1,no,northeast,8342.90875
46,male,43.89,3,no,southeast,8944.1151
36,male,29.7,0,no,southeast,4399.731
50,female,27.075,1,no,northeast,10106.13425
45,female,31.79,0,no,southeast,17929.30337
61,female,25.08,0,no,southeast,24513.09126
53,female,24.795,1,no,northwest,10942.13205
28,male,23.8,2,no,southwest,3847.674
47,female,29.545,1,no,northwest,8930.93455
21,male,27.36,0,no,northeast,2104.1134
39,female,26.315,2,no,northwest,7201.70085
57,male,33.63,1,no,northwest,11945.1327
29,male,31.73,2,no,northwest,4433.3877
42,female,32.87,0,no,northeast,7050.0213
24,male,25.8,0,no,southwest,1972.95
43,female,34.4,3,no,southwest,8522.003
30,male,35.53,0,yes,southeast,36950.2567
42,female,29.48,2,no,southeast,7640.3092
36,female,26.885,0,no,northwest,5267.81815
28,female,33.11,0,no,southeast,3171.6149
22,male,34.8,3,no,southwest,3443.064
44,male,21.85,3,no,northeast,8891.1395
55,female,33.535,2,no,northwest,12269.68865
57,female,30.495,0,no,northwest,11840.77505
54,male,21.01,2,no,southeast,11013.7119
29,female,35.53,0,no,southeast,3366.6697
61,female,28.2,0,no,southwest,13041.921
36,male,27.55,3,no,northeast,6746.7425
34,male,25.3,2,yes,southeast,18972.495
57,male,31.54,0,no,northwest,11353.2276
20,male,28.025,1,yes,northwest,17560.37975
50,male,32.205,0,no,northwest,8835.26495
32,male,33.63,1,yes,northeast,37607.5277
33,female,28.27,1,no,southeast,4779.6023
18,female,28.215,0,no,northeast,2200.83085
56,male,39.6,0,no,southwest,10601.412
42,female,37.9,0,no,southwest,6474.013
19,female,24.51,1,no,northwest,2709.1119
25,male,25.84,1,no,northeast,3309.7926
32,male,33.82,1,no,northwest,4462.7218
55,female,35.2,0,yes,southeast,44423.803
48,male,37.29,2,no,southeast,8978.1851
21,female,22.135,0,no,northeast,2585.85065
19,female,28.9,0,no,southwest,1743.214
49,male,37.51,2,no,southeast,9304.7019
64,female,39.05,3,no,southeast,16085.1275
18,male,27.36,1,yes,northeast,17178.6824
49,female,41.47,4,no,southeast,10977.2063
19,male,20.425,0,no,northwest,1625.43375
19,female,28.4,1,no,southwest,2331.519
27,female,34.8,1,no,southwest,3577.999
63,female,27.74,0,yes,northeast,29523.1656
23,male,34.4,0,no,southwest,1826.843
30,female,27.93,0,no,northeast,4137.5227
62,male,31.46,1,no,southeast,27000.98473
60,male,32.8,0,yes,southwest,52590.82939
21,male,25.745,2,no,northeast,3279.86855
61,male,35.86,0,yes,southeast,46599.1084
55,female,26.8,1,no,southwest,35160.13457
39,female,24.225,5,no,northwest,8965.79575
49,female,29.925,0,no,northwest,8988.15875
37,female,34.8,2,yes,southwest,39836.519
21,male,28.975,0,no,northwest,1906.35825
34,female,33.7,1,no,southwest,5012.471
58,male,23.3,0,no,southwest,11345.519
25,male,35.625,0,no,northwest,2534.39375
58,male,49.06,0,no,southeast,11381.3254
56,female,26.6,1,no,northwest,12044.342
54,female,23.0,3,no,southwest,12094.478
57,female,31.825,0,no,northwest,11842.62375
26,male,29.15,1,no,southeast,2902.9065
40,male,29.9,2,no,southwest,6600.361
23,female,34.865,0,no,northeast,2899.48935
54,female,28.88,2,no,northeast,12096.6512
58,female,31.825,2,no,northeast,13607.36875
60,male,33.11,3,no,southeast,13919.8229
26,male,32.49,1,no,northeast,3490.5491
28,female,25.935,1,no,northwest,4133.64165
28,male,26.98,2,no,northeast,4435.0942
18,female,31.92,0,no,northeast,2205.9808
27,male,31.13,1,yes,southeast,34806.4677
59,male,27.5,1,no,southwest,12333.828
20,male,40.47,0,no,northeast,1984.4533
23,female,24.225,2,no,northeast,22395.74424
62,female,26.29,0,yes,southeast,27808.7251
19,female,18.6,0,no,southwest,1728.897
51,female,37.73,1,no,southeast,9877.6077
33,male,33.44,5,no,southeast,6653.7886
31,male,20.4,0,no,southwest,3260.199
38,male,19.95,1,no,northwest,5855.9025
62,male,30.875,3,yes,northwest,46718.16325
21,female,33.63,2,no,northwest,3579.8287
18,male,15.96,0,no,northeast,1694.7964
31,female,23.6,2,no,southwest,4931.647
19,male,35.4,0,no,southwest,1263.249
64,male,25.6,2,no,southwest,14988.432
57,male,34.01,0,no,northwest,11356.6609
53,male,28.6,3,no,southwest,11253.421
20,female,33.3,0,no,southwest,1880.487
43,male,23.2,0,no,southwest,6250.435
33,female,33.5,0,yes,southwest,37079.372
39,female,41.8,0,no,southeast,5662.225
21,female,34.6,0,no,southwest,2020.177
34,female,26.41,1,no,northwest,5385.3379
18,female,26.315,0,no,northeast,2198.18985
35,female,34.8,1,no,southwest,5246.047
18,female,32.12,2,no,southeast,2801.2588
19,male,34.8,0,yes,southwest,34779.615
36,female,27.74,0,no,northeast,5469.0066
29,female,20.235,2,no,northwest,4906.40965
63,male,30.8,0,no,southwest,13390.559
55,male,21.5,1,no,southwest,10791.96
55,male,33.88,3,no,southeast,11987.1682
20,female,24.42,0,yes,southeast,26125.67477
38,male,27.835,2,no,northwest,6455.86265
60,male,24.32,0,no,northwest,12523.6048
30,female,30.9,3,no,southwest,5325.651
43,female,24.7,2,yes,northwest,21880.82
36,female,25.9,1,no,southwest,5472.449
53,male,31.35,0,no,southeast,27346.04207
61,female,44.0,0,no,southwest,13063.883
30,male,31.57,3,no,southeast,4837.5823
27,male,32.585,3,no,northeast,4846.92015
54,male,34.21,2,yes,southeast,44260.7499
18,female,31.35,4,no,northeast,4561.1885
43,female,35.72,2,no,northeast,19144.57652
45,male,36.48,2,yes,northwest,42760.5022
37,male,34.2,1,yes,northeast,39047.285
51,female,38.06,0,yes,southeast,44400.4064
33,female,22.135,1,no,northeast,5354.07465
21,male,35.53,0,no,southeast,1532.4697
48,female,27.265,1,no,northeast,9447.25035
32,female,29.8,2,no,southwest,5152.134
45,male,22.895,0,yes,northeast,35069.37452
32,female,20.52,0,no,northeast,4544.2348
60,female,36.005,0,no,northeast,13228.84695
19,male,20.9,1,no,southwest,1832.094
60,male,36.955,0,no,northeast,12741.16745
21,female,35.72,0,no,northwest,2404.7338
55,male,37.3,0,no,southwest,20630.28351
55,female,26.98,0,no,northwest,11082.5772
19,female,17.8,0,no,southwest,1727.785
56,female,33.82,2,no,northwest,12643.3778
39,female,24.89,3,yes,northeast,21659.9301
23,male,17.385,1,no,northwest,2775.19215
21,male,36.86,0,no,northwest,1917.3184
33,male,24.605,2,no,northwest,5257.50795
20,male,35.31,1,no,southeast,27724.28875
26,female,22.61,0,no,northwest,3176.8159
53,female,28.1,3,no,southwest,11741.726
51,male,39.7,1,no,southwest,9391.346
59,female,35.2,0,no,southeast,12244.531
36,male,35.2,1,yes,southeast,38709.176
22,female,21.28,3,no,northwest,4296.2712
59,female,36.52,1,no,southeast,28287.89766
31,male,39.49,1,no,southeast,3875.7341
19,male,22.61,0,no,northwest,1628.4709
22,female,23.18,0,no,northeast,2731.9122
28,female,27.5,2,no,southwest,20177.67113
63,male,21.66,1,no,northwest,14349.8544
64,male,40.48,0,no,southeast,13831.1152
30,male,27.645,1,no,northeast,4237.12655
54,male,30.02,0,no,northwest,24476.47851
30,male,25.46,0,no,northeast,3645.0894
31,male,38.39,2,no,southeast,4463.2051
44,female,43.89,2,yes,southeast,46200.9851
52,male,41.8,2,yes,southeast,47269.854
22,male,28.31,1,no,northwest,2639.0429
50,female,27.36,0,no,northeast,25656.57526
36,male,41.895,3,yes,northeast,43753.33705
20,male,35.625,3,yes,northwest,37465.34375
29,female,21.755,1,yes,northeast,16657.71745
43,male,27.8,0,yes,southwest,37829.7242
22,female,39.805,0,no,northeast,2755.02095
32,male,37.335,1,no,northeast,4667.60765
25,female,24.3,3,no,southwest,4391.652
20,female,31.92,0,no,northwest,2261.5688
28,female,25.8,0,no,southwest,3161.454
21,female,26.4,1,no,southwest,2597.779
31,male,28.595,1,no,northwest,4243.59005
19,male,34.9,0,yes,southwest,34828.654
25,female,20.8,1,no,southwest,3208.787
27,female,20.045,3,yes,northwest,16420.49455
